<?xml version="1.0" encoding="utf-8"?>
<browserconfig>
    <msapplication>
        <tile>
            <square70x70logo src="./public/images/icon/mstile-70x70.png?v=qAJ3ypgBvp"/>
            <square150x150logo src="./public/images/icon/mstile-150x150.png?v=qAJ3ypgBvp"/>
            <square310x310logo src="./public/images/icon/mstile-310x310.png?v=qAJ3ypgBvp"/>
            <wide310x150logo src="./public/images/icon/mstile-310x150.png?v=qAJ3ypgBvp"/>
            <TileColor>#202020</TileColor>
        </tile>
    </msapplication>
</browserconfig>
